region,pibok,nongeup,toyang3
hwasun,0.1807556610971383,0.8192443389028616,0.0
naju,0.8035423049409555,0.19645769505904445,0.0
