region,infra,pibok,nongeup,toyang3
hwasun,0.0,0.19796405476916085,0.7732170677823488,0.02881887744849029
naju,0.43594809066710627,0.441490700666746,0.12256120866614759,0.0
