{
  "hwasun_infra": {
    "category": "infra",
    "region": "hwasun",
    "metrics": {
      "CLS_CA": 3267.27,
      "CLS_PLAND": 4.1455,
      "CLS_NP": 812.0,
      "CLS_PD": 1.0303,
      "CLS_LPI": 0.2555,
      "CLS_TE": 1383620.0,
      "CLS_ED": 17.5554,
      "CLS_AREA_MN": 4.0237,
      "CLS_AREA_AM": 29.9177,
      "CLS_AREA_MD": 0.97,
      "CLS_AREA_CV": 253.679,
      "CLS_GYRATE_MN": 73.2124,
      "CLS_GYRATE_AM": 246.6724,
      "CLS_GYRATE_MD": 46.1171,
      "CLS_GYRATE_CV": 108.769,
      "CLS_SHAPE_MN": 1.992,
      "CLS_SHAPE_AM": 4.1377,
      "CLS_FRAC_MN": 1.1216,
      "CLS_FRAC_AM": 1.2122,
      "CLS_PARA_MN": 1085.6598,
      "CLS_TCA": 2267.57,
      "CLS_CPLAND": 2.8771,
      "CLS_NDCA": 1982.0,
      "CLS_DCAD": 2.5148,
      "CLS_CORE_MN": 2.7926,
      "CLS_CAI_MN": 43.7912,
      "CLS_CLUMPY": 0.8912,
      "CLS_PLADJ": 89.413,
      "CLS_IJI": null,
      "CLS_COHESION": 97.4913,
      "CLS_AI": 89.5698,
      "LND_TA": 78814.65,
      "LND_NP": 3478.0,
      "LND_PD": 4.4129,
      "LND_LPI": 95.7413,
      "LND_TE": 1605250.0,
      "LND_ED": 20.3674,
      "LND_TCA": 76866.26,
      "LND_CONTAG": 84.5251,
      "LND_COHESION": 99.9568,
      "LND_DIVISION": 0.0833,
      "LND_MESH": 72245.8347,
      "LND_SPLIT": 1.0909,
      "LND_PR": 2.0,
      "LND_PRD": 0.0025,
      "LND_SHDI": 0.1725,
      "LND_SIDI": 0.0795,
      "LND_MSIDI": 0.0828,
      "LND_SHEI": 0.2489,
      "LND_AI": 99.0939,
      "PATCH_AREA_MN": 4.023731527093596,
      "PATCH_PERIM_MN": 1703.9655172413793,
      "PATCH_GYRATE_MN": 73.21239384236453,
      "PATCH_SHAPE_MN": 1.9919689655172415,
      "PATCH_FRAC_MN": 1.1215793103448275,
      "PATCH_CORE_MN": 2.792573891625616,
      "PATCH_NCORE_MN": 2.4408866995073892,
      "PATCH_CAI_MN": 43.79123854679803
    }
  },
  "hwasun_toyang": {
    "category": "toyang",
    "region": "hwasun",
    "metrics": {
      "CLS_CA": 20347.35,
      "CLS_PLAND": 25.8167,
      "CLS_NP": 452.0,
      "CLS_PD": 0.5735,
      "CLS_LPI": 1.472,
      "CLS_TE": 5654380.0,
      "CLS_ED": 71.7428,
      "CLS_AREA_MN": 45.0163,
      "CLS_AREA_AM": 413.3089,
      "CLS_AREA_MD": 3.65,
      "CLS_AREA_CV": 286.0301,
      "CLS_GYRATE_MN": 279.6117,
      "CLS_GYRATE_AM": 1316.2983,
      "CLS_GYRATE_MD": 122.8292,
      "CLS_GYRATE_CV": 143.3201,
      "CLS_SHAPE_MN": 3.6176,
      "CLS_SHAPE_AM": 11.8018,
      "CLS_FRAC_MN": 1.1796,
      "CLS_FRAC_AM": 1.3096,
      "CLS_PARA_MN": 658.4267,
      "CLS_TCA": 16368.86,
      "CLS_CPLAND": 20.7688,
      "CLS_NDCA": 2459.0,
      "CLS_DCAD": 3.12,
      "CLS_CORE_MN": 36.2143,
      "CLS_CAI_MN": 59.3315,
      "CLS_CLUMPY": 0.9072,
      "CLS_PLADJ": 93.0527,
      "CLS_IJI": null,
      "CLS_COHESION": 99.4477,
      "CLS_AI": 93.118,
      "LND_TA": 78814.65,
      "LND_NP": 518.0,
      "LND_PD": 0.6572,
      "LND_LPI": 73.259,
      "LND_TE": 5859410.0,
      "LND_ED": 74.3442,
      "LND_TCA": 70706.63,
      "LND_CONTAG": 48.0319,
      "LND_COHESION": 99.9576,
      "LND_DIVISION": 0.4619,
      "LND_MESH": 42406.8891,
      "LND_SPLIT": 1.8585,
      "LND_PR": 2.0,
      "LND_PRD": 0.0025,
      "LND_SHDI": 0.5711,
      "LND_SIDI": 0.383,
      "LND_MSIDI": 0.4829,
      "LND_SHEI": 0.824,
      "LND_AI": 96.4006,
      "PATCH_AREA_MN": 45.0162610619469,
      "PATCH_PERIM_MN": 12509.690265486726,
      "PATCH_GYRATE_MN": 279.6116546460177,
      "PATCH_SHAPE_MN": 3.6176449115044247,
      "PATCH_FRAC_MN": 1.1796316371681415,
      "PATCH_CORE_MN": 36.21429203539823,
      "PATCH_NCORE_MN": 5.4402654867256635,
      "PATCH_CAI_MN": 59.33147477876106
    }
  },
  "hwasun_nongeup": {
    "category": "nongeup",
    "region": "hwasun",
    "metrics": {
      "CLS_CA": 12230.31,
      "CLS_PLAND": 15.5178,
      "CLS_NP": 405.0,
      "CLS_PD": 0.5139,
      "CLS_LPI": 1.2742,
      "CLS_TE": 2218300.0,
      "CLS_ED": 28.1458,
      "CLS_AREA_MN": 30.1983,
      "CLS_AREA_AM": 280.8776,
      "CLS_AREA_MD": 2.99,
      "CLS_AREA_CV": 288.1164,
      "CLS_GYRATE_MN": 232.7552,
      "CLS_GYRATE_AM": 1019.3518,
      "CLS_GYRATE_MD": 102.873,
      "CLS_GYRATE_CV": 140.0719,
      "CLS_SHAPE_MN": 2.4277,
      "CLS_SHAPE_AM": 5.2831,
      "CLS_FRAC_MN": 1.1368,
      "CLS_FRAC_AM": 1.2164,
      "CLS_PARA_MN": 533.4442,
      "CLS_TCA": 10666.23,
      "CLS_CPLAND": 13.5333,
      "CLS_NDCA": 691.0,
      "CLS_DCAD": 0.8767,
      "CLS_CORE_MN": 26.3364,
      "CLS_CAI_MN": 65.2776,
      "CLS_CLUMPY": 0.9473,
      "CLS_PLADJ": 95.4656,
      "CLS_IJI": null,
      "CLS_COHESION": 99.179,
      "CLS_AI": 95.552,
      "LND_TA": 78814.65,
      "LND_NP": 431.0,
      "LND_PD": 0.5469,
      "LND_LPI": 84.266,
      "LND_TE": 2428890.0,
      "LND_ED": 30.8177,
      "LND_TCA": 75531.24,
      "LND_CONTAG": 63.8874,
      "LND_COHESION": 99.9634,
      "LND_DIVISION": 0.2894,
      "LND_MESH": 56008.0927,
      "LND_SPLIT": 1.4072,
      "LND_PR": 2.0,
      "LND_PRD": 0.0025,
      "LND_SHDI": 0.4316,
      "LND_SIDI": 0.2622,
      "LND_MSIDI": 0.3041,
      "LND_SHEI": 0.6226,
      "LND_AI": 98.576,
      "PATCH_AREA_MN": 30.198296296296295,
      "PATCH_PERIM_MN": 5477.283950617284,
      "PATCH_GYRATE_MN": 232.75521629629628,
      "PATCH_SHAPE_MN": 2.4276604938271604,
      "PATCH_FRAC_MN": 1.1368246913580247,
      "PATCH_CORE_MN": 26.336370370370368,
      "PATCH_NCORE_MN": 1.7061728395061728,
      "PATCH_CAI_MN": 65.27762098765432
    }
  },
  "hwasun_pibok": {
    "category": "pibok",
    "region": "hwasun",
    "metrics": {
      "CLS_CA": 9127.08,
      "CLS_PLAND": 11.5804,
      "CLS_NP": 14933.0,
      "CLS_PD": 18.947,
      "CLS_LPI": 0.334,
      "CLS_TE": 7489000.0,
      "CLS_ED": 95.0204,
      "CLS_AREA_MN": 0.6112,
      "CLS_AREA_AM": 25.1307,
      "CLS_AREA_MD": 0.06,
      "CLS_AREA_CV": 633.3787,
      "CLS_GYRATE_MN": 23.4934,
      "CLS_GYRATE_AM": 208.4754,
      "CLS_GYRATE_MD": 11.1353,
      "CLS_GYRATE_CV": 165.4088,
      "CLS_SHAPE_MN": 1.5575,
      "CLS_SHAPE_AM": 5.2064,
      "CLS_FRAC_MN": 1.0968,
      "CLS_FRAC_AM": 1.2509,
      "CLS_PARA_MN": 2364.3678,
      "CLS_TCA": 4569.4,
      "CLS_CPLAND": 5.7977,
      "CLS_NDCA": 15618.0,
      "CLS_DCAD": 19.8161,
      "CLS_CORE_MN": 0.306,
      "CLS_CAI_MN": 10.4145,
      "CLS_CLUMPY": 0.7689,
      "CLS_PLADJ": 79.4869,
      "CLS_IJI": null,
      "CLS_COHESION": 96.1281,
      "CLS_AI": 79.5702,
      "LND_TA": 78814.65,
      "LND_NP": 24110.0,
      "LND_PD": 30.5908,
      "LND_LPI": 88.1105,
      "LND_TE": 7708150.0,
      "LND_ED": 97.801,
      "LND_TCA": 69444.92,
      "LND_CONTAG": 62.0143,
      "LND_COHESION": 99.9544,
      "LND_DIVISION": 0.2236,
      "LND_MESH": 61190.3655,
      "LND_SPLIT": 1.288,
      "LND_PR": 2.0,
      "LND_PRD": 0.0025,
      "LND_SHDI": 0.3585,
      "LND_SIDI": 0.2048,
      "LND_MSIDI": 0.2291,
      "LND_SHEI": 0.5172,
      "LND_AI": 95.2232,
      "PATCH_AREA_MN": 0.6112020357597268,
      "PATCH_PERIM_MN": 501.5067300609389,
      "PATCH_GYRATE_MN": 23.49337003281323,
      "PATCH_SHAPE_MN": 1.5574833389138152,
      "PATCH_FRAC_MN": 1.0967673006093885,
      "PATCH_CORE_MN": 0.3059934373535123,
      "PATCH_NCORE_MN": 1.0458715596330275,
      "PATCH_CAI_MN": 10.414479903569276
    }
  },
  "naju_infra": {
    "category": "infra",
    "region": "naju",
    "metrics": {
      "CLS_CA": 11970.38,
      "CLS_PLAND": 19.7595,
      "CLS_NP": 2209.0,
      "CLS_PD": 3.6464,
      "CLS_LPI": 0.4195,
      "CLS_TE": 4979360.0,
      "CLS_ED": 82.1941,
      "CLS_AREA_MN": 5.4189,
      "CLS_AREA_AM": 54.439,
      "CLS_AREA_MD": 0.37,
      "CLS_AREA_CV": 300.7674,
      "CLS_GYRATE_MN": 72.1507,
      "CLS_GYRATE_AM": 337.6819,
      "CLS_GYRATE_MD": 29.6957,
      "CLS_GYRATE_CV": 142.8578,
      "CLS_SHAPE_MN": 2.0532,
      "CLS_SHAPE_AM": 6.1591,
      "CLS_FRAC_MN": 1.1178,
      "CLS_FRAC_AM": 1.2552,
      "CLS_PARA_MN": 1505.684,
      "CLS_TCA": 8477.56,
      "CLS_CPLAND": 13.9939,