region,infra,pibok,nongeup,toyang3
hwasun,0.17102950011889456,0.23356278157333926,0.4152748535563933,0.18013286475137294
naju,0.38156428393220637,0.38548585964240584,0.15983293634867055,0.07311692007671726
